ano,rgps_previsto,bpc_previsto,contrib_previsto,rgps_observado,bpc_observado,contrib_observado,despesa_obs,despesa_prev_qtd,despesa_prev_modelo
2012,25943274.039,3777070.999,49567657.658,25855338.0,4016247.0,49567657.658,6.575,6.598,6.598
2013,26800034.836,3862512.924,50150931.593,26828299.0,4188318.0,,6.696,6.659,6.623
2014,27687829.209,3952804.034,50712025.729,27689382.0,4328094.0,,6.821,6.767,6.765
2015,28600327.224,4047475.772,51237291.219,28225898.0,4422134.0,,7.273,7.281,7.552
2016,29537066.545,4145468.973,51720708.662,29023171.0,4563371.0,,8.101,8.092,7.988
2017,30500276.0,4246820.48,52160590.739,29606895.0,4677854.0,,8.462,8.536,8.12
2018,31489629.551,4352297.853,52559951.842,30120107.0,4763910.0,,8.372,8.507,8.171
2019,32504678.022,4462245.162,52963573.68,30739419.0,4754336.0,,8.479,8.707,8.399
2020,33481208.928,4569273.375,53352098.768,30938776.0,4759605.0,,8.725,9.118,8.807
2021,34343505.274,4664585.68,53655922.371,31453052.0,4833188.0,,7.874,8.303,8.471
2022,35229864.747,4762517.724,53896372.327,32348349.0,5236486.0,58252961.082,7.907,8.357,8.254
2023,36265715.241,4876421.551,54121462.545,33410366.0,5819818.0,60518885.453,8.214,8.444,8.271
2024,37372763.804,4997857.794,54337656.319,34171689.0,6384884.0,62165816.544,7.968,8.456,8.456
