,valor
phi,0.41081390329564416
w_piso,"{2011: 0.3958, 2012: 0.4195, 2022: 0.3986, 2023: 0.4165, 2024: 0.4237}"
alfa,0.0037587687148868754
alfa_ep,0.008656795971602287
alfa_pre_2012_2019,0.00889413871563261
alfa_pos_2019_2024,-0.0034307492861571447
alfa_pos_ep,0.014650038781241834
g_med_real,0.008267794618185739
g_sm_real,0.01097583569379326
prod_media_2013_2025,0.0006555521273505611
r_media,0.050509210526315795
r_dp,0.019507334519721743
r_ar1,0.31321772226832306
r_2025,0.074458
g_media,0.020468421052631577
g_dp,0.028527526553170184
g_ar1,0.2559053619361015
corr_rg,0.09577123304597053
bohn_c,5.267409610296351
bohn_rho,-0.0927164570849553
bohn_gama,0.4932205538384516
bohn_rho_ep,0.0254670389904359
bohn_n,18
