ano,pib_indice,cresc_pib,contribuintes,beneficiarios,contrib_por_benef,receita_rgps,despesa_rgps,deficit_rgps,primario_total,juros_reais,necessidade_financiamento,divida,primario_estabilizador
2024,100.0,0.0,58.28,34.016,1.713,5.5,8.0,2.5,-0.4,,,76.5,3.06
2025,101.396,0.014,58.432,34.983,1.67,5.504,8.212,2.708,-0.608,3.018,3.626,79.073,2.031
2026,102.81,0.014,58.584,35.943,1.63,5.507,8.421,2.913,-0.813,3.119,3.933,81.918,2.105
2027,104.243,0.014,58.736,36.896,1.592,5.511,8.628,3.116,-1.016,3.232,4.248,85.04,2.186
2028,105.694,0.014,58.887,37.842,1.556,5.515,8.832,3.317,-1.217,3.355,4.572,88.444,2.275
2029,107.164,0.014,59.038,38.78,1.522,5.519,9.034,3.515,-1.415,3.489,4.904,92.135,2.371
2030,108.654,0.014,59.188,39.711,1.49,5.522,9.233,3.711,-1.611,3.635,5.246,96.118,2.475
2031,109.887,0.011,59.19,40.582,1.459,5.526,9.442,3.916,-1.816,3.802,5.617,100.657,2.851
2032,111.133,0.011,59.191,41.443,1.428,5.53,9.648,4.119,-2.019,3.981,6.0,105.528,2.99
2033,112.392,0.011,59.192,42.294,1.4,5.533,9.853,4.32,-2.22,4.174,6.393,110.739,3.139
2034,113.664,0.011,59.192,43.135,1.372,5.537,10.056,4.519,-2.419,4.38,6.799,116.299,3.298
2035,114.949,0.011,59.191,43.966,1.346,5.541,10.257,4.716,-2.616,4.6,7.216,122.214,3.468
2036,116.247,0.011,59.189,44.787,1.322,5.545,10.455,4.911,-2.811,4.834,7.645,128.494,3.647
2037,117.559,0.011,59.186,45.598,1.298,5.548,10.652,5.104,-3.004,5.082,8.087,135.147,3.838
2038,118.884,0.011,59.183,46.399,1.276,5.552,10.847,5.295,-3.195,5.346,8.541,142.182,4.039
2039,120.222,0.011,59.179,47.189,1.254,5.556,11.04,5.484,-3.384,5.624,9.008,149.608,4.252
2040,121.574,0.011,59.175,47.97,1.234,5.559,11.231,5.672,-3.572,5.918,9.489,157.434,4.477
2041,122.366,0.007,58.893,48.585,1.212,5.563,11.437,5.874,-3.774,6.257,10.031,166.445,5.537
2042,123.16,0.006,58.612,49.185,1.192,5.567,11.642,6.075,-3.975,6.615,10.59,175.962,5.858
2043,123.957,0.006,58.33,49.771,1.172,5.571,11.845,6.275,-4.175,6.993,11.168,185.999,6.197
2044,124.756,0.006,58.049,50.342,1.153,5.574,12.047,6.473,-4.373,7.392,11.765,196.573,6.554
2045,125.557,0.006,57.767,50.899,1.135,5.578,12.248,6.67,-4.57,7.813,12.383,207.702,6.93
2046,126.36,0.006,57.486,51.441,1.118,5.582,12.447,6.866,-4.766,8.255,13.021,219.402,7.325
2047,127.166,0.006,57.204,51.969,1.101,5.585,12.645,7.06,-4.96,8.721,13.681,231.693,7.742
2048,127.973,0.006,56.922,52.482,1.085,5.589,12.842,7.253,-5.153,9.209,14.362,244.593,8.179
2049,128.783,0.006,56.641,52.981,1.069,5.593,13.037,7.444,-5.344,9.722,15.067,258.122,8.637
2050,129.594,0.006,56.359,53.466,1.054,5.596,13.231,7.634,-5.534,10.26,15.795,272.301,9.119
