ano,ocupados,contribuintes,benef_rgps,benef_sem_pensao,pensoes,bpc_qtd,contrib_por_benef,pib_idx,cresc_pib,sm_real_idx,beneficio_real_idx,despesa_rgps,receita_rgps,deficit_rgps,despesa_bpc,deficit_rgps_bpc,primario,juro_real,divida,juros_nominais,nfsp_nominal
2024,100652984.0867,62165816.5436,34109270.3385,25708816.3898,8400453.9488,6324841.0,1.8225,1.0,0.0342,1.0,1.0,7.9158,5.5731,2.3427,0.9461,3.2888,,,,,
2025,101112406.5735,62430610.6506,34995457.4981,26425224.582,8570232.9161,6605893.5188,1.784,1.0146,0.0146,1.0255,1.0069,8.0611,5.5714,2.4897,0.9988,3.4885,-0.43,,78.64,,
2026,101546300.025,62665081.264,35910134.8226,27159759.7317,8750375.0909,6893282.3189,1.7451,1.0292,0.0143,1.0503,1.0134,8.208,5.5684,2.6396,1.0524,3.692,-0.6335,0.0505,82.0781,6.174,6.8075
2027,101961506.9196,62852258.6342,36848013.5623,27908127.4907,8939886.0716,7186204.9387,1.7057,1.0437,0.0141,1.0657,1.016,8.3269,5.5623,2.7646,1.0976,3.8622,-0.8037,0.0505,85.8261,6.4453,7.2489
2028,102352129.0298,63013962.7833,37802821.0084,28665967.9523,9136853.0561,7483091.1639,1.6669,1.0582,0.0139,1.0809,1.0184,8.4469,5.5553,2.8915,1.1435,4.035,-0.9765,0.0505,89.9043,6.7413,7.7178
2029,102749530.1921,63153913.5698,38778799.8688,29435714.6508,9343085.218,7783906.75,1.6286,1.0729,0.0139,1.0962,1.0208,8.5666,5.5462,3.0204,1.1897,4.2101,-1.1516,0.0505,94.3001,7.0613,8.2129
2030,103138917.5901,63262219.8574,39778187.264,30217890.6675,9560296.5965,8087785.2561,1.5904,1.0877,0.0138,1.1114,1.0231,8.6873,5.5347,3.1526,1.2362,4.3888,-1.3303,0.0505,99.0423,7.4072,8.7375
2031,103497569.8582,63358857.726,40795387.8819,31010298.3607,9785089.5212,8392370.2,1.5531,1.1024,0.0135,1.1269,1.0254,8.8108,5.5239,3.2869,1.2833,4.5701,-1.5116,0.0505,104.1693,7.7821,9.2938
2032,103837380.9193,63437035.2265,41826842.2059,31810755.7687,10016086.4372,8695795.5908,1.5167,1.1171,0.0133,1.1425,1.0276,8.9349,5.5126,3.4223,1.3303,4.7526,-1.6941,0.0505,109.6869,8.1866,9.8807
2033,104173669.5813,63493167.1555,42869885.6533,32616560.9123,10253324.741,8997195.4319,1.4811,1.1319,0.0133,1.1579,1.0298,9.0569,5.4997,3.5572,1.3768,4.9339,-1.8754,0.0505,115.5934,8.6206,10.496
2034,104438927.5142,63541960.4391,43926439.5342,33428478.3631,10497961.1711,9296378.0121,1.4466,1.1462,0.0126,1.1733,1.0319,9.1834,5.49,3.6935,1.4236,5.117,-2.0585,0.0505,121.9828,9.091,11.1496
2035,104621015.7689,63589555.4098,44998879.1234,34248609.0841,10750270.0393,9593295.5973,1.4131,1.1597,0.0118,1.1889,1.0339,9.3168,5.4845,3.8323,1.4712,5.3036,-2.2451,0.0505,128.8996,9.6012,11.8463
2036,104769236.4926,63597187.9215,46088206.6435,35077593.7955,11010612.848,9888408.8229,1.3799,1.1729,0.0114,1.2038,1.0357,9.4506,5.4774,3.9732,1.5182,5.4914,-2.4329,0.0505,136.3127,10.149,12.5819
2037,104846203.9996,63565096.7998,47192760.2933,35915619.6533,11277140.64,10181277.6102,1.3469,1.1855,0.0107,1.218,1.0371,9.5873,5.4706,4.1167,1.5648,5.6815,-2.623,0.0505,144.2989,10.74,13.3629
2038,104811859.5237,63529269.1528,48307878.1323,36761352.6114,11546525.5209,10469176.617,1.3151,1.197,0.0097,1.2319,1.0384,9.7319,5.4693,4.2626,1.6118,5.8744,-2.8159,0.0505,152.9515,11.3813,14.1971
2039,104685053.3377,63467921.6127,49434851.2139,37613610.7328,11821240.4811,10752200.0921,1.2839,1.2075,0.0088,1.2452,1.0394,9.8816,5.4707,4.411,1.6586,6.0696,-3.0111,0.0505,162.2898,12.0744,15.0854
2040,104483209.6695,63355456.9232,50576224.868,38473036.3419,12103188.5261,11032012.687,1.2527,1.2172,0.0081,1.2572,1.0399,10.0341,5.4715,4.5626,1.7045,6.2671,-3.2086,0.0505,172.3336,12.8208,16.0294
2041,104212404.9411,63186178.9283,51730538.8122,39339148.4486,12391390.3636,11308728.0633,1.2214,1.2262,0.0074,1.2682,1.0401,10.1893,5.4711,4.7182,1.7497,6.4679,-3.4094,0.0505,183.1208,13.6233,17.0327
2042,103896795.0758,62961347.6677,52895237.3003,40210800.8547,12684436.4456,11581920.4314,1.1903,1.2347,0.0069,1.2784,1.0399,10.3453,5.4682,4.8771,1.7939,6.671,-3.6125,0.0505,194.6565,14.4824,18.0949
2043,103552447.3314,62701001.8596,54067767.5484,41087690.9714,12980076.577,11850026.2014,1.1597,1.2429,0.0067,1.2879,1.0395,10.5001,5.4637,5.0365,1.8368,6.8732,-3.8147,0.0505,206.9518,15.3991,19.2138
2044,103170348.1917,62408533.2092,55246163.2477,41967025.5784,13279137.6694,12110923.649,1.1296,1.2507,0.0063,1.2968,1.0389,10.6555,5.4583,5.1972,1.8785,7.0757,-4.0172,0.0505,220.0666,16.378,20.3951
2045,102745617.0641,62075028.4498,56423696.4477,42841452.859,13582243.5888,12361433.8916,1.1002,1.258,0.0058,1.3055,1.0382,10.8115,5.4516,5.3598,1.9189,7.2787,-4.2202,0.0505,234.0595,17.4233,21.6435
2046,102290151.4261,61708233.6225,57588057.3524,43700451.9099,13887605.4425,12597063.2955,1.0715,1.265,0.0055,1.3136,1.0373,10.9641,5.4435,5.5205,1.9569,7.4774,-4.4189,0.0505,248.9501,18.5371,22.956
2047,101814150.4893,61313197.4356,58728702.4541,44535374.1999,14193328.2543,12813709.165,1.044,1.2717,0.0053,1.3215,1.0363,11.1109,5.434,5.677,1.9919,7.6689,-4.6104,0.0505,264.756,19.7207,24.3311
2048,101325365.164,60895014.4868,59840842.098,45343073.519,14497768.579,13008938.1816,1.0176,1.2782,0.0052,1.3295,1.0353,11.2517,5.4229,5.8288,2.024,7.8528,-4.7943,0.0505,281.4976,20.9759,25.7702
2049,100827785.703,60458207.344,60924351.8043,46122773.234,14801578.5703,13182685.331,0.9923,1.2847,0.005,1.3374,1.0342,11.3862,5.4106,5.9756,2.053,8.0286,-4.9701,0.0505,299.2029,22.3048,27.2749
2050,100315402.4606,60005490.8584,61974456.8525,46870212.5382,15104244.3143,13333568.7487,0.9682,1.2909,0.0049,1.3455,1.0332,11.5144,5.3975,6.1168,2.0788,8.1957,-5.1372,0.0505,317.9301,23.7117,28.8489
