ano,despesa_modelo,despesa_ldo,receita_modelo,receita_ldo,deficit_modelo,deficit_ldo
2026,8.21,8.26,5.57,5.77,2.64,2.49
2027,8.33,8.23,5.56,6.01,2.76,2.22
2028,8.45,8.16,5.56,6.18,2.89,1.98
2029,8.57,8.08,5.55,6.36,3.02,1.72
2030,8.69,7.99,5.53,6.54,3.15,1.45
2031,8.81,8.06,5.52,6.53,3.29,1.52
2032,8.93,8.19,5.51,6.53,3.42,1.66
2033,9.06,8.24,5.5,6.52,3.56,1.72
2034,9.18,8.3,5.49,6.51,3.69,1.79
2035,9.32,8.42,5.48,6.51,3.83,1.92
2036,9.45,8.49,5.48,6.5,3.97,1.99
2037,9.59,8.56,5.47,6.5,4.12,2.07
2038,9.73,8.7,5.47,6.49,4.26,2.21
2039,9.88,8.78,5.47,6.49,4.41,2.3
2040,10.03,8.87,5.47,6.48,4.56,2.39
2041,10.19,9.02,5.47,6.48,4.72,2.54
2042,10.35,9.12,5.47,6.47,4.88,2.65
2043,10.5,9.23,5.46,6.47,5.04,2.77
2044,10.66,9.38,5.46,6.46,5.2,2.92
2045,10.81,9.51,5.45,6.46,5.36,3.05
2046,10.96,9.65,5.44,6.46,5.52,3.19
2047,11.11,9.8,5.43,6.45,5.68,3.35
2048,11.25,9.94,5.42,6.45,5.83,3.49
2049,11.39,10.08,5.41,6.45,5.98,3.63
2050,11.51,10.23,5.4,6.44,6.12,3.79
