ano,populacao_mi,pct_0_14,pct_15_64,pct_60mais,pct_65mais,pop_15_64_mi,pop_60mais_mi,dep_65_15_64,dep_idade_legal
2000,174.696,29.915,64.059,8.718,6.026,111.909,15.23,9.407,10.822
2001,177.004,29.37,64.505,8.841,6.125,114.177,15.648,9.495,10.921
2002,179.228,28.828,64.938,8.969,6.234,116.387,16.076,9.6,11.03
2003,181.378,28.3,65.351,9.107,6.349,118.533,16.519,9.714,11.146
2004,183.47,27.787,65.746,9.261,6.467,120.624,16.991,9.836,11.27
2005,185.518,27.285,66.128,9.436,6.588,122.679,17.506,9.962,11.406
2006,187.535,26.785,66.503,9.634,6.712,124.717,18.067,10.092,11.558
2007,189.459,26.261,66.897,9.855,6.842,126.742,18.672,10.227,11.728
2008,191.335,25.736,67.286,10.096,6.978,128.742,19.316,10.371,11.919
2009,193.174,25.217,67.656,10.353,7.126,130.695,19.999,10.533,12.133
2010,194.749,24.709,67.993,10.638,7.298,132.416,20.718,10.733,12.39
2011,196.159,24.227,68.282,10.948,7.491,133.94,21.475,10.971,12.688
2012,197.671,23.758,68.545,11.268,7.697,135.492,22.273,11.229,13.007
2013,199.227,23.295,68.787,11.603,7.918,137.042,23.116,11.511,13.35
2014,200.811,22.86,68.988,11.951,8.152,138.535,23.999,11.817,13.719
2015,202.404,22.481,69.122,12.311,8.398,139.905,24.918,12.149,14.117
2016,203.872,22.123,69.217,12.69,8.66,141.114,25.871,12.511,14.549
2017,205.212,21.785,69.274,13.09,8.941,142.158,26.862,12.907,15.017
2018,206.529,21.499,69.264,13.504,9.238,143.05,27.89,13.337,15.521
2019,207.9,21.223,69.233,13.925,9.544,143.936,28.951,13.785,16.044
2020,209.165,20.935,69.223,14.333,9.842,144.791,29.979,14.217,16.548
2021,210.104,20.654,69.232,14.709,10.114,145.458,30.903,14.609,17.009
2022,210.863,20.385,69.205,15.111,10.41,145.929,31.864,15.042,17.516
2023,211.695,20.089,69.145,15.58,10.767,146.376,32.981,15.571,18.129
2024,212.584,19.783,69.062,16.073,11.155,146.815,34.17,16.152,18.793
2025,213.421,19.485,68.958,16.573,11.558,147.171,35.371,16.76,19.48
2026,214.212,19.168,68.859,17.072,11.973,147.505,36.57,17.387,20.182
2027,214.96,18.833,68.77,17.565,12.397,147.827,37.757,18.027,20.891
2028,215.667,18.494,68.68,18.05,12.826,148.119,38.928,18.675,21.604
2029,216.338,18.133,68.605,18.531,13.262,148.418,40.089,19.332,22.309
2030,216.973,17.737,68.561,19.009,13.702,148.759,41.244,19.985,22.999
2031,217.563,17.365,68.496,19.488,14.139,149.021,42.398,20.642,23.691
2032,218.096,17.018,68.412,19.971,14.57,149.204,43.556,21.298,24.387
2033,218.574,16.647,68.358,20.457,14.995,149.413,44.713,21.936,25.072
2034,218.998,16.287,68.298,20.947,15.415,149.571,45.873,22.57,25.762
2035,219.367,15.973,68.194,21.449,15.834,149.595,47.052,23.218,26.473
2036,219.682,15.697,68.051,21.973,16.252,149.495,48.27,23.882,27.206
2037,219.941,15.458,67.869,22.525,16.673,149.271,49.541,24.567,27.972
2038,220.144,15.244,67.66,23.106,17.096,148.949,50.866,25.268,28.778
2039,220.293,15.046,67.433,23.713,17.521,148.55,52.237,25.983,29.628
2040,220.386,14.866,67.177,24.336,17.957,148.049,53.633,26.732,30.537
2041,220.425,14.701,66.885,24.964,18.414,147.432,55.026,27.531,31.507
2042,220.41,14.549,66.554,25.585,18.897,146.692,56.393,28.393,32.538
2043,220.342,14.409,66.184,26.199,19.407,145.831,57.728,29.323,33.617
2044,220.22,14.278,65.78,26.806,19.942,144.86,59.032,30.317,34.732
2045,220.046,14.155,65.351,27.399,20.494,143.803,60.29,31.359,35.873
2046,219.817,14.039,64.912,27.973,21.049,142.688,61.489,32.428,37.029
2047,219.535,13.928,64.472,28.522,21.6,141.538,62.616,33.503,38.186
2048,219.2,13.823,64.034,29.044,22.144,140.362,63.665,34.581,39.333
2049,218.811,13.72,63.599,29.54,22.681,139.161,64.638,35.663,40.464
2050,218.369,13.621,63.173,30.018,23.206,137.95,65.55,36.735,41.569
2051,217.874,13.523,62.763,30.486,23.714,136.745,66.422,37.783,42.638
2052,217.325,13.427,62.374,30.954,24.199,135.555,67.27,38.797,43.674
2053,216.724,13.333,62.009,31.42,24.658,134.389,68.095,39.766,44.684
2054,216.07,13.238,61.668,31.884,25.094,133.245,68.893,40.692,45.678
2055,215.363,13.144,61.344,32.347,25.512,132.112,69.663,41.589,46.663
2056,214.603,13.05,61.027,32.807,25.922,130.967,70.404,42.477,47.648
2057,213.793,12.957,60.711,33.263,26.332,129.796,71.113,43.373,48.639
2058,212.934,12.865,60.394,33.716,26.742,128.598,71.793,44.279,49.637
2059,212.026,12.772,60.078,34.166,27.15,127.381,72.44,45.191,50.636
2060,211.069,12.681,59.764,34.601,27.556,126.142,73.032,46.108,51.638
2061,210.066,12.59,59.45,35.009,27.959,124.885,73.542,47.03,52.642
2062,209.019,12.502,59.139,35.39,28.359,123.612,73.972,47.952,53.634
2063,207.929,12.417,58.829,35.748,28.754,122.322,74.33,48.878,54.595
2064,206.797,12.335,58.519,36.088,29.145,121.017,74.63,49.804,55.523
2065,205.625,12.257,58.221,36.415,29.521,119.718,74.879,50.705,56.412
2066,204.415,12.184,57.947,36.733,29.869,118.452,75.088,51.545,57.25
2067,203.169,12.116,57.695,37.016,30.189,117.218,75.205,52.325,58.046
2068,201.887,12.054,57.461,37.287,30.485,116.006,75.278,53.054,58.816
2069,200.573,11.999,57.238,37.55,30.763,114.804,75.316,53.746,59.525
2070,199.229,11.95,57.022,37.792,31.028,113.604,75.292,54.415,60.214
