,p5,p25,p50,p75,p95
2025,78.6,78.6,78.6,78.6,78.6
2026,77.4,80.1,82.1,84.1,87.2
2027,77.9,82.4,85.7,89.3,94.4
2028,79.0,84.9,89.6,94.7,102.3
2029,80.3,88.1,93.8,100.0,109.6
2030,81.7,90.8,98.3,105.9,118.1
2031,83.4,94.4,102.7,111.7,127.7
2032,85.2,98.0,107.9,118.0,137.1
2033,86.9,101.7,113.0,125.7,146.9
2034,88.7,105.8,118.7,133.0,158.1
2035,90.9,110.1,124.8,141.3,169.8
2036,92.8,114.4,130.7,150.8,184.4
2037,96.3,119.1,137.1,160.7,199.0
2038,98.5,124.3,145.0,171.0,216.4
2039,101.2,128.9,153.0,182.7,237.0
2040,103.7,134.8,162.7,195.7,261.5
2041,107.3,140.4,171.7,208.9,289.9
2042,110.3,146.0,181.3,224.7,321.8
2043,113.0,153.4,191.6,242.4,356.2
2044,115.3,160.4,203.7,262.3,400.7
2045,118.3,168.4,217.2,282.2,460.2
2046,121.5,175.5,230.4,305.8,527.1
2047,125.0,184.6,246.4,333.8,613.0
2048,127.4,195.7,263.6,364.2,731.7
2049,130.9,202.6,281.5,403.8,881.9
2050,135.1,212.9,300.6,443.2,1097.8
