,Central,Favorável,Desfavorável,"Central, SM sem ganho real","Central, sem envelhecimento"
Cresc. médio do PIB 2026-2050 (% a.a.),0.97,1.92,0.11,0.97,1.09
"Contribuintes por beneficiário RGPS, 2050",0.97,1.05,0.89,0.97,1.87
Despesa RGPS 2050,11.51,9.89,13.77,10.19,6.05
Receita RGPS 2050,5.4,5.61,5.17,5.4,5.57
Déficit RGPS 2050,6.12,4.28,8.6,4.8,0.48
Despesa BPC 2050,2.08,2.04,2.34,1.55,1.44
Resultado primário 2050,-5.14,-3.35,-7.79,-3.39,0.91
Juros nominais 2035,9.6,6.06,14.13,9.29,8.74
Déficit nominal (NFSP) 2035,11.85,7.66,17.04,10.77,8.63
Dívida bruta 2035,128.9,99.46,162.73,124.09,115.16
Ano em que a dívida passa de 100% do PIB,2031.0,2036.0,2029.0,2031.0,2032.0
Ajuste p/ dívida 2050 = 2025 (p.p. PIB),5.93,3.21,8.6,5.06,3.07
