ano,receita_pib,despesa_pib,necessidade_pib
2026,5.77,8.26,2.49
2027,6.01,8.23,2.22
2028,6.18,8.16,1.98
2029,6.36,8.08,1.72
2030,6.54,7.99,1.45
2031,6.53,8.06,1.52
2032,6.53,8.19,1.66
2033,6.52,8.24,1.72
2034,6.51,8.30,1.79
2035,6.51,8.42,1.92
2036,6.50,8.49,1.99
2037,6.50,8.56,2.07
2038,6.49,8.70,2.21
2039,6.49,8.78,2.30
2040,6.48,8.87,2.39
2041,6.48,9.02,2.54
2042,6.47,9.12,2.65
2043,6.47,9.23,2.77
2044,6.46,9.38,2.92
2045,6.46,9.51,3.05
2046,6.46,9.65,3.19
2047,6.45,9.80,3.35
2048,6.45,9.94,3.49
2049,6.45,10.08,3.63
2050,6.44,10.23,3.79
2051,6.44,10.37,3.93
2052,6.44,10.51,4.07
2053,6.43,10.64,4.21
2054,6.43,10.77,4.34
2055,6.43,10.90,4.47
2056,6.42,11.11,4.69
2057,6.42,11.32,4.90
2058,6.41,11.53,5.12
2059,6.41,11.74,5.33
2060,6.40,11.94,5.54
2061,6.40,12.15,5.75
2062,6.39,12.38,5.99
2063,6.39,12.62,6.23
2064,6.39,12.87,6.49
2065,6.38,13.08,6.70
2066,6.38,13.16,6.78
2067,6.38,13.17,6.79
2068,6.38,13.18,6.80
2069,6.38,13.18,6.80
2070,6.37,13.26,6.89
2071,6.37,13.42,7.04
2072,6.37,13.56,7.19
2073,6.37,13.70,7.33
2074,6.37,13.84,7.47
2075,6.37,13.98,7.61
2076,6.36,14.11,7.75
2077,6.36,14.24,7.87
2078,6.36,14.36,8.00
2079,6.36,14.49,8.13
2080,6.36,14.62,8.26
2081,6.36,14.74,8.38
2082,6.36,14.86,8.50
2083,6.36,14.98,8.62
2084,6.36,15.10,8.74
2085,6.36,15.22,8.86
2086,6.36,15.33,8.97
2087,6.36,15.43,9.07
2088,6.36,15.54,9.18
2089,6.36,15.64,9.28
2090,6.36,15.74,9.38
2091,6.36,15.86,9.50
2092,6.36,15.97,9.61
2093,6.36,16.08,9.73
2094,6.36,16.19,9.84
2095,6.35,16.31,9.95
2096,6.35,16.41,10.05
2097,6.35,16.49,10.14
2098,6.35,16.58,10.23
2099,6.35,16.67,10.32
2100,6.35,16.76,10.41
