ano,qtd_rgps,valor_rgps_dez,qtd_pensao,qtd_assistenciais
2011,25031803.0,21024879949.0,6803879.0,3865949.0
2012,25855338.0,23843267050.0,6980140.0,4016247.0
2013,26828299.0,26766640968.0,7165712.0,4188318.0
2014,27689382.0,29454655979.0,7323921.0,4328094.0
2015,28225898.0,32449782000.0,7429823.0,4422134.0
2016,29023171.0,37542236481.0,7564822.0,4563371.0
2017,29606895.0,41096683313.0,7668861.0,4677854.0
2018,30120107.0,42921626875.0,7712619.0,4763910.0
2019,30739419.0,45821969152.0,7810644.0,4754336.0
2020,30938776.0,48285510223.0,7881220.0,4759605.0
2021,31453052.0,51613822438.0,8066088.0,4833188.0
2022,32348349.0,58253534125.0,8207013.0,5236486.0
2023,33410366.0,64110859376.0,8326238.0,5819818.0
2024,34171689.0,68589895000.0,8414782.0,6384884.0
