ano,divida_bruta,primario_sp,juros_nominais_sp,pib_nominal,ipca,pib_real_cresc,salario_minimo,custo_dpf_nominal,receita_rgps,despesa_rgps,despesa_bpc,pessoal_uniao,primario_gc,custo_dpf_real
2006,55.48,3.15,6.72,2409449.9,3.1418,3.96,300.0,,5.1265,6.8723,0.4831,4.4257,2.0232,
2007,56.72,3.24,5.98,2720262.9,4.4573,6.07,350.0,10.6835,5.1617,6.8116,0.5217,4.3226,2.1193,5.9605
2008,55.98,3.33,5.32,3109803.1,5.9023,5.09,380.0,14.6386,5.2529,6.4172,0.5157,4.2574,2.2972,8.2494
2009,59.21,1.94,5.13,3333039.4,4.312,-0.13,415.0,8.1075,5.4607,6.7469,0.5684,4.6025,1.1832,3.6386
2010,51.77,2.62,5.03,3885847.0,5.9091,7.53,510.0,11.2929,5.4549,6.5586,0.5791,4.3338,2.0045,5.0834
2011,51.27,2.94,5.41,4376382.0,6.5031,3.97,540.0,12.486,5.6186,6.4308,0.5766,4.1459,2.0997,5.6176
2012,53.67,2.18,4.44,4814760.0,5.8386,1.92,622.0,11.1393,5.7275,6.5754,0.6136,3.9129,1.7652,5.0083
2013,51.54,1.71,4.67,5331619.0,5.9108,3.0,678.0,10.8577,5.7609,6.696,0.6366,3.8479,1.3534,4.6708
2014,56.28,-0.56,5.39,5778953.0,6.4076,0.5,724.0,11.4621,5.8402,6.8213,0.6672,3.848,-0.4063,4.7501
2015,65.5,-1.86,8.36,5995787.0,10.6735,-3.55,788.0,16.0144,5.842,7.2733,0.7095,3.9778,-2.0098,4.8258
2016,69.84,-2.48,6.5,6269328.0,6.2881,-3.28,880.0,11.8311,5.7125,8.1009,0.7814,4.1132,-2.5725,5.2152
2017,73.72,-1.68,6.09,6585479.0,2.9473,1.32,937.0,10.5431,5.6911,8.4616,0.8161,4.3131,-1.8869,7.3783
2018,75.27,-1.55,5.41,7004141.0,3.7455,1.78,954.0,9.6275,5.585,8.3719,0.8018,4.2549,-1.7164,5.6697
2019,74.44,-0.84,4.97,7389131.0,4.306,1.22,998.0,8.5283,5.5938,8.4788,0.8083,4.2371,-1.2865,4.0479
2020,86.94,-9.24,4.1,7609597.0,4.5173,-3.28,1039.0,8.2996,5.3192,8.7246,0.8235,4.2229,-9.7673,3.6188
2021,77.31,0.72,4.98,9012142.0,10.0611,4.76,1100.0,8.9656,5.1291,7.8736,0.7509,3.6545,-0.3891,-0.9953
2022,71.68,1.25,5.82,10079676.7,5.7848,3.02,1212.0,9.9037,5.3148,7.9068,0.782,3.3527,0.4604,3.8936
2023,73.83,-2.28,6.56,10943344.7,4.6211,3.24,1302.0,10.2116,5.4158,8.2139,0.8468,3.3237,-2.088,5.3435
2024,76.27,-0.4,8.07,11779250.6,4.8313,3.42,1412.0,11.6931,5.4431,7.9678,0.9431,3.1187,-0.3644,6.5455
2025,78.64,-0.43,7.91,12738565.6,4.2644,2.29,1518.0,12.0277,5.5714,8.0611,0.9988,3.1601,-0.4843,7.4458
