grupo,ano,sexo,lo,hi,qtd
beneficios_sem_pensao,2010,F,0,19,215862.1228767518
beneficios_sem_pensao,2010,F,20,24,93155.24355403808
beneficios_sem_pensao,2010,F,25,29,122060.23190213455
beneficios_sem_pensao,2010,F,30,34,149234.93132109006
beneficios_sem_pensao,2010,F,35,39,173494.12300083693
beneficios_sem_pensao,2010,F,40,44,214043.1558056321
beneficios_sem_pensao,2010,F,45,49,317544.5568296864
beneficios_sem_pensao,2010,F,50,54,552666.7516267048
beneficios_sem_pensao,2010,F,55,59,1204110.889714667
beneficios_sem_pensao,2010,F,60,64,1656585.3570973554
beneficios_sem_pensao,2010,F,65,69,1699922.8742642265
beneficios_sem_pensao,2010,F,70,74,1478131.3939548896
beneficios_sem_pensao,2010,F,75,79,1044040.8759013603
beneficios_sem_pensao,2010,F,80,84,678659.4999490356
beneficios_sem_pensao,2010,F,85,89,336508.95730589563
beneficios_sem_pensao,2010,F,90,200,222825.68202487438
beneficios_sem_pensao,2010,M,0,19,292553.8771112348
beneficios_sem_pensao,2010,M,20,24,126360.75633467878
beneficios_sem_pensao,2010,M,25,29,166362.76801323102
beneficios_sem_pensao,2010,M,30,34,208256.06843333185
beneficios_sem_pensao,2010,M,35,39,253577.87547187487
beneficios_sem_pensao,2010,M,40,44,321992.8049800276
beneficios_sem_pensao,2010,M,45,49,434647.2488015991
beneficios_sem_pensao,2010,M,50,54,723188.9113769514
beneficios_sem_pensao,2010,M,55,59,1141933.783296286
beneficios_sem_pensao,2010,M,60,64,1690498.2089746266
beneficios_sem_pensao,2010,M,65,69,1964369.109271221
beneficios_sem_pensao,2010,M,70,74,1576732.922285956
beneficios_sem_pensao,2010,M,75,79,1034923.2121926724
beneficios_sem_pensao,2010,M,80,84,647435.437534586
beneficios_sem_pensao,2010,M,85,89,303243.2127391698
beneficios_sem_pensao,2010,M,90,200,161378.04800428925
beneficios_sem_pensao,2011,F,0,19,225976.26897179752
beneficios_sem_pensao,2011,F,20,24,94663.78952913407
beneficios_sem_pensao,2011,F,25,29,125248.82252173506
beneficios_sem_pensao,2011,F,30,34,155985.7615536036
beneficios_sem_pensao,2011,F,35,39,180697.606220447
beneficios_sem_pensao,2011,F,40,44,219491.4252307343
beneficios_sem_pensao,2011,F,45,49,330690.6886202508
beneficios_sem_pensao,2011,F,50,54,567305.887543609
beneficios_sem_pensao,2011,F,55,59,1267688.4754370817
beneficios_sem_pensao,2011,F,60,64,1742090.8462407095
beneficios_sem_pensao,2011,F,65,69,1792876.24107251
beneficios_sem_pensao,2011,F,70,74,1477455.8492222873
beneficios_sem_pensao,2011,F,75,79,1109692.804040845
beneficios_sem_pensao,2011,F,80,84,704661.3071420224
beneficios_sem_pensao,2011,F,85,89,359180.8962835043
beneficios_sem_pensao,2011,F,90,200,224105.5710901101
beneficios_sem_pensao,2011,M,0,19,308256.7310240907
beneficios_sem_pensao,2011,M,20,24,130154.21038303626
beneficios_sem_pensao,2011,M,25,29,169640.1774111503
beneficios_sem_pensao,2011,M,30,34,213117.23827715416
beneficios_sem_pensao,2011,M,35,39,259265.3929851679
beneficios_sem_pensao,2011,M,40,44,323347.5580683504
beneficios_sem_pensao,2011,M,45,49,441963.1999233221
beneficios_sem_pensao,2011,M,50,54,722268.8895183916
beneficios_sem_pensao,2011,M,55,59,1171994.297646947
beneficios_sem_pensao,2011,M,60,64,1757367.867639011
beneficios_sem_pensao,2011,M,65,69,2060576.1098841305
beneficios_sem_pensao,2011,M,70,74,1592515.2222419786
beneficios_sem_pensao,2011,M,75,79,1082138.7189352845
beneficios_sem_pensao,2011,M,80,84,660677.4734290857
beneficios_sem_pensao,2011,M,85,89,318908.97232933255
beneficios_sem_pensao,2011,M,90,200,163145.39478711152
beneficios_sem_pensao,2012,F,0,19,234984.4212212608
beneficios_sem_pensao,2012,F,20,24,96184.3773549757
beneficios_sem_pensao,2012,F,25,29,127344.27880121532
beneficios_sem_pensao,2012,F,30,34,160329.5048830463
beneficios_sem_pensao,2012,F,35,39,185692.52440359181
beneficios_sem_pensao,2012,F,40,44,225325.56209368294
beneficios_sem_pensao,2012,F,45,49,338615.4652379934
beneficios_sem_pensao,2012,F,50,54,578747.7551956449
beneficios_sem_pensao,2012,F,55,59,1311505.3834440075
beneficios_sem_pensao,2012,F,60,64,1842820.3820146874
beneficios_sem_pensao,2012,F,65,69,1866156.0455992233
beneficios_sem_pensao,2012,F,70,74,1545802.3423499125
beneficios_sem_pensao,2012,F,75,79,1138885.182070584
beneficios_sem_pensao,2012,F,80,84,752808.5461957316
beneficios_sem_pensao,2012,F,85,89,383263.65314085153
beneficios_sem_pensao,2012,F,90,200,236668.61342837472
beneficios_sem_pensao,2012,M,0,19,322879.5787783022
beneficios_sem_pensao,2012,M,20,24,131644.62257649645
beneficios_sem_pensao,2012,M,25,29,170266.7211165285
beneficios_sem_pensao,2012,M,30,34,218287.4950079767
beneficios_sem_pensao,2012,M,35,39,262713.4753101701
beneficios_sem_pensao,2012,M,40,44,326532.4292019278
beneficios_sem_pensao,2012,M,45,49,445884.4705738304
beneficios_sem_pensao,2012,M,50,54,719508.0790951829
beneficios_sem_pensao,2012,M,55,59,1189465.4654004017
beneficios_sem_pensao,2012,M,60,64,1825834.4046883378
beneficios_sem_pensao,2012,M,65,69,2134798.545666608
beneficios_sem_pensao,2012,M,70,74,1672328.1158125822
beneficios_sem_pensao,2012,M,75,79,1105245.7546533644
beneficios_sem_pensao,2012,M,80,84,693121.051729159
beneficios_sem_pensao,2012,M,85,89,335546.34076652786
beneficios_sem_pensao,2012,M,90,200,174047.76982828268
beneficios_sem_pensao,2022,F,0,19,236256.0
beneficios_sem_pensao,2022,F,20,24,99598.0
beneficios_sem_pensao,2022,F,25,29,119658.0
beneficios_sem_pensao,2022,F,30,34,134722.0
beneficios_sem_pensao,2022,F,35,39,169168.0
beneficios_sem_pensao,2022,F,40,44,216531.81483320717
beneficios_sem_pensao,2022,F,45,49,291987.4296115149
beneficios_sem_pensao,2022,F,50,54,529995.0854412921
beneficios_sem_pensao,2022,F,55,59,1502200.764812618
beneficios_sem_pensao,2022,F,60,64,2475416.850212311
beneficios_sem_pensao,2022,F,65,69,3003345.939486089
beneficios_sem_pensao,2022,F,70,74,2338687.3906734167
beneficios_sem_pensao,2022,F,75,79,1597206.1467466466
beneficios_sem_pensao,2022,F,80,84,1065086.1167160822
beneficios_sem_pensao,2022,F,85,89,610177.4432270477
beneficios_sem_pensao,2022,F,90,200,377074.2022222955
beneficios_sem_pensao,2022,M,0,19,416778.0
beneficios_sem_pensao,2022,M,20,24,137932.0
beneficios_sem_pensao,2022,M,25,29,164584.0
beneficios_sem_pensao,2022,M,30,34,190157.0
beneficios_sem_pensao,2022,M,35,39,245987.0
beneficios_sem_pensao,2022,M,40,44,314942.18516497576
beneficios_sem_pensao,2022,M,45,49,387666.57038812456
beneficios_sem_pensao,2022,M,50,54,602197.9145215425
beneficios_sem_pensao,2022,M,55,59,1096314.235108444
beneficios_sem_pensao,2022,M,60,64,2052986.1491957577
beneficios_sem_pensao,2022,M,65,69,3145049.060169936
beneficios_sem_pensao,2022,M,70,74,2467540.6085780845
beneficios_sem_pensao,2022,M,75,79,1590636.8516271454
beneficios_sem_pensao,2022,M,80,84,966765.8788055684
beneficios_sem_pensao,2022,M,85,89,470985.55237904063
beneficios_sem_pensao,2022,M,90,200,249741.43518244414
beneficios_sem_pensao,2023,F,0,19,269913.0
beneficios_sem_pensao,2023,F,20,24,111571.0
beneficios_sem_pensao,2023,F,25,29,136815.0
beneficios_sem_pensao,2023,F,30,34,153053.0
beneficios_sem_pensao,2023,F,35,39,191987.0
beneficios_sem_pensao,2023,F,40,44,246388.41633618958
beneficios_sem_pensao,2023,F,45,49,324403.4355539425
beneficios_sem_pensao,2023,F,50,54,540495.7575779154
beneficios_sem_pensao,2023,F,55,59,1565456.422132609
beneficios_sem_pensao,2023,F,60,64,2504876.3467041533
beneficios_sem_pensao,2023,F,65,69,3215716.427047297
beneficios_sem_pensao,2023,F,70,74,2468705.513302393
beneficios_sem_pensao,2023,F,75,79,1695595.1913123422
beneficios_sem_pensao,2023,F,80,84,1105295.5544291397
beneficios_sem_pensao,2023,F,85,89,644665.8820931826
beneficios_sem_pensao,2023,F,90,200,387199.9168023642
beneficios_sem_pensao,2023,M,0,19,510734.0
beneficios_sem_pensao,2023,M,20,24,151743.0
beneficios_sem_pensao,2023,M,25,29,181785.0
beneficios_sem_pensao,2023,M,30,34,208385.0
beneficios_sem_pensao,2023,M,35,39,269319.0
beneficios_sem_pensao,2023,M,40,44,345412.5836633998
beneficios_sem_pensao,2023,M,45,49,420402.5644457274
beneficios_sem_pensao,2023,M,50,54,610232.2424082314
beneficios_sem_pensao,2023,M,55,59,1080987.5778271274
beneficios_sem_pensao,2023,M,60,64,2118047.6529521653
beneficios_sem_pensao,2023,M,65,69,3314133.5727316136
beneficios_sem_pensao,2023,M,70,74,2573395.486250314
beneficios_sem_pensao,2023,M,75,79,1684756.807622672
beneficios_sem_pensao,2023,M,80,84,1006237.4420349917
beneficios_sem_pensao,2023,M,85,89,502304.1148675809
beneficios_sem_pensao,2023,M,90,200,254797.19767416443
beneficios_sem_pensao,2024,F,0,19,319289.0
beneficios_sem_pensao,2024,F,20,24,116041.0
beneficios_sem_pensao,2024,F,25,29,144318.0
beneficios_sem_pensao,2024,F,30,34,159297.0
beneficios_sem_pensao,2024,F,35,39,199385.0
beneficios_sem_pensao,2024,F,40,44,253425.0
beneficios_sem_pensao,2024,F,45,49,334502.8710999464
beneficios_sem_pensao,2024,F,50,54,531417.8694434456
beneficios_sem_pensao,2024,F,55,59,1572338.457434657
beneficios_sem_pensao,2024,F,60,64,2616756.776183445
beneficios_sem_pensao,2024,F,65,69,3355107.239854291
beneficios_sem_pensao,2024,F,70,74,2623419.4144682847
beneficios_sem_pensao,2024,F,75,79,1774255.6552547922
beneficios_sem_pensao,2024,F,80,84,1145913.064445813
beneficios_sem_pensao,2024,F,85,89,675756.2330282173
beneficios_sem_pensao,2024,F,90,200,405304.0715054147
beneficios_sem_pensao,2024,M,0,19,647308.0
beneficios_sem_pensao,2024,M,20,24,161695.0
beneficios_sem_pensao,2024,M,25,29,193668.0
beneficios_sem_pensao,2024,M,30,34,219717.0
beneficios_sem_pensao,2024,M,35,39,281935.0
beneficios_sem_pensao,2024,M,40,44,356762.0
beneficios_sem_pensao,2024,M,45,49,433497.12889877317
beneficios_sem_pensao,2024,M,50,54,605641.1305530515
beneficios_sem_pensao,2024,M,55,59,1035081.5425321996
beneficios_sem_pensao,2024,M,60,64,2159495.2236420885
beneficios_sem_pensao,2024,M,65,69,3407589.759979771
beneficios_sem_pensao,2024,M,70,74,2701324.5852312935
beneficios_sem_pensao,2024,M,75,79,1763111.3440525287
beneficios_sem_pensao,2024,M,80,84,1044159.9335694432
beneficios_sem_pensao,2024,M,85,89,530305.7640301109
beneficios_sem_pensao,2024,M,90,200,265839.3245223134
bpc_deficiencia,2010,F,0,19,197838.8403937494
bpc_deficiencia,2010,F,20,24,60275.83358591916
bpc_deficiencia,2010,F,25,29,61118.42093568134
bpc_deficiencia,2010,F,30,34,65179.0
bpc_deficiencia,2010,F,35,39,67099.9435542499
bpc_deficiencia,2010,F,40,44,68058.99583711353
bpc_deficiencia,2010,F,45,49,67904.55708156854
bpc_deficiencia,2010,F,50,54,66006.60015483377
bpc_deficiencia,2010,F,55,59,60882.586566341415
bpc_deficiencia,2010,F,60,64,59099.0
bpc_deficiencia,2010,F,65,69,37179.09857733454
bpc_deficiencia,2010,F,70,74,18249.13019160089
bpc_deficiencia,2010,F,75,79,7092.5743242254175
bpc_deficiencia,2010,F,80,84,2684.656661262288
bpc_deficiencia,2010,F,85,89,162.0
bpc_deficiencia,2010,F,90,200,64.0
bpc_deficiencia,2010,M,0,19,272984.1596041808
bpc_deficiencia,2010,M,20,24,84341.16640735746
bpc_deficiencia,2010,M,25,29,84077.5790626399
bpc_deficiencia,2010,M,30,34,82329.0
bpc_deficiencia,2010,M,35,39,75127.05643874143
bpc_deficiencia,2010,M,40,44,68627.00415557051
bpc_deficiencia,2010,M,45,49,62924.44290125816
bpc_deficiencia,2010,M,50,54,57742.399827065114
bpc_deficiencia,2010,M,55,59,54237.41341417862
bpc_deficiencia,2010,M,60,64,52581.0
bpc_deficiencia,2010,M,65,69,30505.901408034515
bpc_deficiencia,2010,M,70,74,14043.869777956706
bpc_deficiencia,2010,M,75,79,5256.425655976676
bpc_deficiencia,2010,M,80,84,1403.3432835820895
bpc_deficiencia,2010,M,85,89,70.0
bpc_deficiencia,2010,M,90,200,39.0
bpc_deficiencia,2011,F,0,19,205273.41791417624
bpc_deficiencia,2011,F,20,24,62256.830959881074
bpc_deficiencia,2011,F,25,29,64811.84578107081
bpc_deficiencia,2011,F,30,34,69135.0
bpc_deficiencia,2011,F,35,39,72544.47055304227
bpc_deficiencia,2011,F,40,44,73067.49342356321
bpc_deficiencia,2011,F,45,49,74901.03754009528
bpc_deficiencia,2011,F,50,54,72594.60215969206
bpc_deficiencia,2011,F,55,59,67877.58588273588
bpc_deficiencia,2011,F,60,64,64600.0
bpc_deficiencia,2011,F,65,69,41455.55038173845
bpc_deficiencia,2011,F,70,74,19207.146905784084
bpc_deficiencia,2011,F,75,79,8339.136132629834
bpc_deficiencia,2011,F,80,84,3054.6605614994655
bpc_deficiencia,2011,F,85,89,231.0
bpc_deficiencia,2011,F,90,200,63.0
bpc_deficiencia,2011,M,0,19,285911.5820853285
bpc_deficiencia,2011,M,20,24,87585.16903363587
bpc_deficiencia,2011,M,25,29,88446.15421255938
bpc_deficiencia,2011,M,30,34,87517.0
bpc_deficiencia,2011,M,35,39,81623.52944534174
bpc_deficiencia,2011,M,40,44,73709.50656110756
bpc_deficiencia,2011,M,45,49,69479.96245298831
bpc_deficiencia,2011,M,50,54,63335.39782383191
bpc_deficiencia,2011,M,55,59,60524.41409979828
bpc_deficiencia,2011,M,60,64,57379.0
bpc_deficiencia,2011,M,65,69,33865.4496149761
bpc_deficiencia,2011,M,70,74,14285.853065002539
bpc_deficiencia,2011,M,75,79,6339.86380050419
bpc_deficiencia,2011,M,80,84,1569.3393900064893
bpc_deficiencia,2011,M,85,89,116.0
bpc_deficiencia,2011,M,90,200,33.0
bpc_deficiencia,2012,F,0,19,211728.4152778627
bpc_deficiencia,2012,F,20,24,63509.41237846368
bpc_deficiencia,2012,F,25,29,67837.27605844098
bpc_deficiencia,2012,F,30,34,72270.0
bpc_deficiencia,2012,F,35,39,76632.46940485587
bpc_deficiencia,2012,F,40,44,77851.99050218263
bpc_deficiencia,2012,F,45,49,80335.03754529404
bpc_deficiencia,2012,F,50,54,78749.13093405406
bpc_deficiencia,2012,F,55,59,73795.59374938854
bpc_deficiencia,2012,F,60,64,69526.0
bpc_deficiencia,2012,F,65,69,46113.0
bpc_deficiencia,2012,F,70,74,21373.737313202386
bpc_deficiencia,2012,F,75,79,9368.567673893358
bpc_deficiencia,2012,F,80,84,3497.6532362243565
bpc_deficiencia,2012,F,85,89,492.0
bpc_deficiencia,2012,F,90,200,74.0
bpc_deficiencia,2012,M,0,19,298118.58472166106
bpc_deficiencia,2012,M,20,24,90497.58761996285
bpc_deficiencia,2012,M,25,29,91645.72392776524
bpc_deficiencia,2012,M,30,34,92054.0
bpc_deficiencia,2012,M,35,39,86621.53059361849
bpc_deficiencia,2012,M,40,44,79344.00949145641
bpc_deficiencia,2012,M,45,49,74519.96244825739
bpc_deficiencia,2012,M,50,54,69069.86903900145
bpc_deficiencia,2012,M,55,59,65112.4062344768
bpc_deficiencia,2012,M,60,64,62369.0
bpc_deficiencia,2012,M,65,69,37356.0
bpc_deficiencia,2012,M,70,74,15533.262627357468
bpc_deficiencia,2012,M,75,79,7134.432311235002
bpc_deficiencia,2012,M,80,84,1856.3467214645993
bpc_deficiencia,2012,M,85,89,239.0
bpc_deficiencia,2012,M,90,200,40.0
bpc_deficiencia,2022,F,0,19,222057.0
bpc_deficiencia,2022,F,20,24,79817.0
bpc_deficiencia,2022,F,25,29,79765.0
bpc_deficiencia,2022,F,30,34,75189.0
bpc_deficiencia,2022,F,35,39,85431.0
bpc_deficiencia,2022,F,40,44,97982.0
bpc_deficiencia,2022,F,45,49,108890.0
bpc_deficiencia,2022,F,50,54,115922.0
bpc_deficiencia,2022,F,55,59,122742.0
bpc_deficiencia,2022,F,60,64,116803.52664855924
bpc_deficiencia,2022,F,65,69,88818.0
bpc_deficiencia,2022,F,70,74,51554.0
bpc_deficiencia,2022,F,75,79,23603.0
bpc_deficiencia,2022,F,80,84,9248.641849675983
bpc_deficiencia,2022,F,85,89,3171.0
bpc_deficiencia,2022,F,90,200,977.0
bpc_deficiencia,2022,M,0,19,402472.0
bpc_deficiencia,2022,M,20,24,119113.0
bpc_deficiencia,2022,M,25,29,114779.0
bpc_deficiencia,2022,M,30,34,100007.0
bpc_deficiencia,2022,M,35,39,103967.0
bpc_deficiencia,2022,M,40,44,110059.0
bpc_deficiencia,2022,M,45,49,110294.0
bpc_deficiencia,2022,M,50,54,109251.0
bpc_deficiencia,2022,M,55,59,110499.0
bpc_deficiencia,2022,M,60,64,104982.47335031675
bpc_deficiencia,2022,M,65,69,70949.0
bpc_deficiencia,2022,M,70,74,35560.0
bpc_deficiencia,2022,M,75,79,14190.0
bpc_deficiencia,2022,M,80,84,5160.358134369794
bpc_deficiencia,2022,M,85,89,1813.0
bpc_deficiencia,2022,M,90,200,402.0
bpc_deficiencia,2023,F,0,19,256616.0
bpc_deficiencia,2023,F,20,24,84880.0
bpc_deficiencia,2023,F,25,29,87002.0
bpc_deficiencia,2023,F,30,34,81961.0
bpc_deficiencia,2023,F,35,39,92610.0
bpc_deficiencia,2023,F,40,44,106060.0
bpc_deficiencia,2023,F,45,49,122082.0
bpc_deficiencia,2023,F,50,54,128804.0
bpc_deficiencia,2023,F,55,59,138613.0
bpc_deficiencia,2023,F,60,64,133937.52175763616
bpc_deficiencia,2023,F,65,69,95865.0
bpc_deficiencia,2023,F,70,74,55027.0
bpc_deficiencia,2023,F,75,79,26548.0
bpc_deficiencia,2023,F,80,84,10156.6455896768
bpc_deficiencia,2023,F,85,89,3426.0
bpc_deficiencia,2023,F,90,200,1116.0
bpc_deficiencia,2023,M,0,19,497873.0
bpc_deficiencia,2023,M,20,24,129080.0
bpc_deficiencia,2023,M,25,29,125804.0
bpc_deficiencia,2023,M,30,34,110039.0
bpc_deficiencia,2023,M,35,39,112897.0
bpc_deficiencia,2023,M,40,44,119531.0
bpc_deficiencia,2023,M,45,49,122919.0
bpc_deficiencia,2023,M,50,54,121700.0
bpc_deficiencia,2023,M,55,59,126829.0
bpc_deficiencia,2023,M,60,64,122766.4782413918
bpc_deficiencia,2023,M,65,69,77184.0
bpc_deficiencia,2023,M,70,74,38382.0
bpc_deficiencia,2023,M,75,79,15785.0
bpc_deficiencia,2023,M,80,84,5575.354395779035
bpc_deficiencia,2023,M,85,89,1954.0
bpc_deficiencia,2023,M,90,200,463.0
bpc_deficiencia,2024,F,0,19,307191.0
bpc_deficiencia,2024,F,20,24,89705.0
bpc_deficiencia,2024,F,25,29,94784.0
bpc_deficiencia,2024,F,30,34,89914.0
bpc_deficiencia,2024,F,35,39,101203.0
bpc_deficiencia,2024,F,40,44,115228.0
bpc_deficiencia,2024,F,45,49,134657.0
bpc_deficiencia,2024,F,50,54,145637.0
bpc_deficiencia,2024,F,55,59,156931.0
bpc_deficiencia,2024,F,60,64,155251.0
bpc_deficiencia,2024,F,65,69,103896.55234611954
bpc_deficiencia,2024,F,70,74,58706.0
bpc_deficiencia,2024,F,75,79,28985.0
bpc_deficiencia,2024,F,80,84,11331.647176814568
bpc_deficiencia,2024,F,85,89,3746.0
bpc_deficiencia,2024,F,90,200,1227.0
bpc_deficiencia,2024,M,0,19,636150.0
bpc_deficiencia,2024,M,20,24,139613.0
bpc_deficiencia,2024,M,25,29,137743.0
bpc_deficiencia,2024,M,30,34,121180.0
bpc_deficiencia,2024,M,35,39,123231.0
bpc_deficiencia,2024,M,40,44,129146.0
bpc_deficiencia,2024,M,45,49,135552.0
bpc_deficiencia,2024,M,50,54,136014.0
bpc_deficiencia,2024,M,55,59,143830.0
bpc_deficiencia,2024,M,60,64,143153.0
bpc_deficiencia,2024,M,65,69,84203.44765256594
bpc_deficiencia,2024,M,70,74,41330.0
bpc_deficiencia,2024,M,75,79,17306.0
bpc_deficiencia,2024,M,80,84,6177.352810143934
bpc_deficiencia,2024,M,85,89,2018.0
bpc_deficiencia,2024,M,90,200,531.0
bpc_idoso,2010,F,0,69,318222.0
bpc_idoso,2010,F,70,74,296809.16960967303
bpc_idoso,2010,F,75,79,174826.90433116668
bpc_idoso,2010,F,80,84,97035.28255112596
bpc_idoso,2010,F,85,89,27827.71453358742
bpc_idoso,2010,F,90,200,8987.0
bpc_idoso,2010,M,0,69,254389.0
bpc_idoso,2010,M,70,74,232376.83033401048
bpc_idoso,2010,M,75,79,142893.09541645946
bpc_idoso,2010,M,80,84,59761.71711038257
bpc_idoso,2010,M,85,89,11117.28546117502
bpc_idoso,2010,M,90,200,3071.0
bpc_idoso,2011,F,0,69,321812.0
bpc_idoso,2011,F,70,74,305559.9576933431
bpc_idoso,2011,F,75,79,187690.74006919278
bpc_idoso,2011,F,80,84,102356.18171994456
bpc_idoso,2011,F,85,89,34741.40356274265
bpc_idoso,2011,F,90,200,9837.0
bpc_idoso,2011,M,0,69,256338.0
bpc_idoso,2011,M,70,74,234883.0422843778
bpc_idoso,2011,M,75,79,151792.2597880808
bpc_idoso,2011,M,80,84,65684.81771326203
bpc_idoso,2011,M,85,89,14762.596420346652
bpc_idoso,2011,M,90,200,3265.0
bpc_idoso,2012,F,0,69,316312.5612245236
bpc_idoso,2012,F,70,74,326269.26803971373
bpc_idoso,2012,F,75,79,195306.71018168685
bpc_idoso,2012,F,80,84,112257.38661274596
bpc_idoso,2012,F,85,89,42103.37286234463
bpc_idoso,2012,F,90,200,11495.0
bpc_idoso,2012,M,0,69,247298.43877503948
bpc_idoso,2012,M,70,74,249149.73195345968
bpc_idoso,2012,M,75,79,153960.28971668266
bpc_idoso,2012,M,80,84,75050.61292441093
bpc_idoso,2012,M,85,89,19232.627123618222
bpc_idoso,2012,M,90,200,3969.0
bpc_idoso,2022,F,0,69,420648.0
bpc_idoso,2022,F,70,74,388723.0
bpc_idoso,2022,F,75,79,281889.0
bpc_idoso,2022,F,80,84,194740.61552488574
bpc_idoso,2022,F,85,89,88233.2376511021
bpc_idoso,2022,F,90,200,43369.674737931324
bpc_idoso,2022,M,0,69,301545.0
bpc_idoso,2022,M,70,74,262074.0
bpc_idoso,2022,M,75,79,188674.0
bpc_idoso,2022,M,80,84,121640.38447436626
bpc_idoso,2022,M,85,89,54347.76234228042
bpc_idoso,2022,M,90,200,20906.32525865422
bpc_idoso,2023,F,0,69,490763.0
bpc_idoso,2023,F,70,74,418464.0
bpc_idoso,2023,F,75,79,299464.0
bpc_idoso,2023,F,80,84,205665.6171782103
bpc_idoso,2023,F,85,89,97358.25500689683
bpc_idoso,2023,F,90,200,46763.0
bpc_idoso,2023,M,0,69,357020.0
bpc_idoso,2023,M,70,74,280094.0
bpc_idoso,2023,M,75,79,195357.0
bpc_idoso,2023,M,80,84,127569.38282108068
bpc_idoso,2023,M,85,89,57792.74498707694
bpc_idoso,2023,M,90,200,23207.0
bpc_idoso,2024,F,0,69,518791.0
bpc_idoso,2024,F,70,74,445297.0
bpc_idoso,2024,F,75,79,306798.0
bpc_idoso,2024,F,80,84,210268.0
bpc_idoso,2024,F,85,89,107047.90872839226
bpc_idoso,2024,F,90,200,50707.0
bpc_idoso,2024,M,0,69,377584.0
bpc_idoso,2024,M,70,74,298575.0
bpc_idoso,2024,M,75,79,196334.0
bpc_idoso,2024,M,80,84,130537.0
bpc_idoso,2024,M,85,89,61201.091259227556
bpc_idoso,2024,M,90,200,26130.0
contribuintes,2010,F,0,19,519634.5925872715
contribuintes,2010,F,20,24,2307683.024065724
contribuintes,2010,F,25,29,3121189.5128874853
contribuintes,2010,F,30,34,2895140.502668913
contribuintes,2010,F,35,39,2422958.4308370566
contribuintes,2010,F,40,44,2157290.417147504
contribuintes,2010,F,45,49,1920684.8041041568
contribuintes,2010,F,50,54,1451548.401716
contribuintes,2010,F,55,59,969184.0980773681
contribuintes,2010,F,60,64,404306.32377798285
contribuintes,2010,F,65,69,117426.30365916705
contribuintes,2010,F,70,200,60055.317367996206
contribuintes,2010,M,0,19,721713.7402610063
contribuintes,2010,M,20,24,3188831.1405282393
contribuintes,2010,M,25,29,4250298.401326052
contribuintes,2010,M,30,34,3971136.251881257
contribuintes,2010,M,35,39,3276722.8315261835
contribuintes,2010,M,40,44,2854080.7544719665
contribuintes,2010,M,45,49,2491127.025812531
contribuintes,2010,M,50,54,1927629.7960543365
contribuintes,2010,M,55,59,1240646.8142425397
contribuintes,2010,M,60,64,648716.8977506537
contribuintes,2010,M,65,69,209659.1888760189
contribuintes,2010,M,70,200,126682.7325532383
contribuintes,2011,F,0,19,651762.1778001845
contribuintes,2011,F,20,24,2480938.9741858006
contribuintes,2011,F,25,29,3282546.3952104994
contribuintes,2011,F,30,34,3195792.0272234655
contribuintes,2011,F,35,39,2641218.5629608156
contribuintes,2011,F,40,44,2322292.960886464
contribuintes,2011,F,45,49,2099760.132005144
contribuintes,2011,F,50,54,1600476.5821199983
contribuintes,2011,F,55,59,1090665.1505946044
contribuintes,2011,F,60,64,458831.48011165496
contribuintes,2011,F,65,69,132999.17842624272
contribuintes,2011,F,70,200,65240.13466703442
contribuintes,2011,M,0,19,886130.22447382
contribuintes,2011,M,20,24,3350957.6731947022
contribuintes,2011,M,25,29,4378793.719222127
contribuintes,2011,M,30,34,4277411.390644942
contribuintes,2011,M,35,39,3500059.671764836
contribuintes,2011,M,40,44,3007469.827160793
contribuintes,2011,M,45,49,2665329.097389189
contribuintes,2011,M,50,54,2072237.7112362662
contribuintes,2011,M,55,59,1377555.0949179425
contribuintes,2011,M,60,64,725244.9953140235
contribuintes,2011,M,65,69,237354.64986036223
contribuintes,2011,M,70,200,135571.25569887087
contribuintes,2012,F,0,19,735755.6667606047
contribuintes,2012,F,20,24,2592455.994623489
contribuintes,2012,F,25,29,3390469.7307077628
contribuintes,2012,F,30,34,3473606.1837182515
contribuintes,2012,F,35,39,2865613.1134923603
contribuintes,2012,F,40,44,2509331.632602325
contribuintes,2012,F,45,49,2276532.4765914725
contribuintes,2012,F,50,54,1781952.5639296623
contribuintes,2012,F,55,59,1233052.2210831163
contribuintes,2012,F,60,64,534359.1632213354
contribuintes,2012,F,65,69,152909.91261048007
contribuintes,2012,F,70,200,73370.05504061887
contribuintes,2012,M,0,19,976966.6317728579
contribuintes,2012,M,20,24,3427137.2240455626
contribuintes,2012,M,25,29,4407575.220505468
contribuintes,2012,M,30,34,4529674.492540356
contribuintes,2012,M,35,39,3698185.5326419496
contribuintes,2012,M,40,44,3155346.7427568384
contribuintes,2012,M,45,49,2794236.2456565527
contribuintes,2012,M,50,54,2213723.7827600483
contribuintes,2012,M,55,59,1508304.9218371916
contribuintes,2012,M,60,64,816093.8948905873
contribuintes,2012,M,65,69,271833.8329010948
contribuintes,2012,M,70,200,149170.42139813738
contribuintes,2022,F,0,19,592253.2072269691
contribuintes,2022,F,20,24,2656870.0071927104
contribuintes,2022,F,25,29,3561971.38535517
contribuintes,2022,F,30,34,3650630.485133102
contribuintes,2022,F,35,39,3760598.96305428
contribuintes,2022,F,40,44,3673223.2652746947
contribuintes,2022,F,45,49,2975819.040799034
contribuintes,2022,F,50,54,2488090.0193302003
contribuintes,2022,F,55,59,2009171.9714357008
contribuintes,2022,F,60,64,1080474.5059739074
contribuintes,2022,F,65,69,363055.581883011
contribuintes,2022,F,70,200,173991.16218757138
contribuintes,2022,M,0,19,687580.4484639992
contribuintes,2022,M,20,24,3227994.213707491
contribuintes,2022,M,25,29,4150290.527148345
contribuintes,2022,M,30,34,4234406.03515148
contribuintes,2022,M,35,39,4362151.194833861
contribuintes,2022,M,40,44,4204295.292555305
contribuintes,2022,M,45,49,3347930.8180087586
contribuintes,2022,M,50,54,2744263.5027583633
contribuintes,2022,M,55,59,2177802.818273985
contribuintes,2022,M,60,64,1347632.4168490414
contribuintes,2022,M,65,69,509925.394711301
contribuintes,2022,M,70,200,272538.8246824965
contribuintes,2023,F,0,19,643977.6753528747
contribuintes,2023,F,20,24,2727655.948616069
contribuintes,2023,F,25,29,3649087.5088509815
contribuintes,2023,F,30,34,3699164.525130147
contribuintes,2023,F,35,39,3852796.612508907
contribuintes,2023,F,40,44,3840993.881559018
contribuintes,2023,F,45,49,3187853.7376732295
contribuintes,2023,F,50,54,2607081.725695107
contribuintes,2023,F,55,59,2116463.072863675
contribuintes,2023,F,60,64,1208786.5192103498
contribuintes,2023,F,65,69,390584.82530368003
contribuintes,2023,F,70,200,192190.5145561669
contribuintes,2023,M,0,19,735570.3237630466
contribuintes,2023,M,20,24,3298795.0475091534
contribuintes,2023,M,25,29,4236386.48161149
contribuintes,2023,M,30,34,4262729.454673418
contribuintes,2023,M,35,39,4429252.30884274
contribuintes,2023,M,40,44,4365500.916617747
contribuintes,2023,M,45,49,3570174.1417733585
contribuintes,2023,M,50,54,2864235.213161628
contribuintes,2023,M,55,59,2302820.900791902
contribuintes,2023,M,60,64,1474810.4729242483
contribuintes,2023,M,65,69,559698.1691159677
contribuintes,2023,M,70,200,302275.4749169563
contribuintes,2024,F,0,19,720598.2499139395
contribuintes,2024,F,20,24,2784438.3301008367
contribuintes,2024,F,25,29,3715247.397795536
contribuintes,2024,F,30,34,3736490.4449966922
contribuintes,2024,F,35,39,3904846.623971379
contribuintes,2024,F,40,44,3899194.1438820395
contribuintes,2024,F,45,49,3352186.6671692124
contribuintes,2024,F,50,54,2717087.9507373082
contribuintes,2024,F,55,59,2178880.472100308
contribuintes,2024,F,60,64,1297445.6538574658
contribuintes,2024,F,65,69,413638.72035387094
contribuintes,2024,F,70,200,210379.6638422495
contribuintes,2024,M,0,19,809544.7497849814
contribuintes,2024,M,20,24,3343231.6678871317
contribuintes,2024,M,25,29,4313178.597445901
contribuintes,2024,M,30,34,4290892.545073595
contribuintes,2024,M,35,39,4458859.327418783
contribuintes,2024,M,40,44,4402454.699715135
contribuintes,2024,M,45,49,3734061.213072153
contribuintes,2024,M,50,54,2981930.9879975487
contribuintes,2024,M,55,59,2377893.502053407
contribuintes,2024,M,60,64,1585501.3352002886
contribuintes,2024,M,65,69,604434.2745258496
contribuintes,2024,M,70,200,333399.3247083884
pensao_rural,2010,F,0,4,1446.0
pensao_rural,2010,F,5,9,5949.505674094095
pensao_rural,2010,F,10,14,10839.0
pensao_rural,2010,F,15,19,16609.02813721363
pensao_rural,2010,F,20,24,6503.417190627089
pensao_rural,2010,F,25,29,7213.840691396835
pensao_rural,2010,F,30,34,14856.369459802874
pensao_rural,2010,F,35,39,25968.472815939924
pensao_rural,2010,F,40,44,47655.82752201156
pensao_rural,2010,F,45,49,77276.86955446612
pensao_rural,2010,F,50,54,112470.45881018159
pensao_rural,2010,F,55,59,146356.40272318586
pensao_rural,2010,F,60,64,186730.02208500024
pensao_rural,2010,F,65,69,214923.8441525998
pensao_rural,2010,F,70,74,255921.95437570705
pensao_rural,2010,F,75,79,237575.29248644348
pensao_rural,2010,F,80,84,205547.33663170456
pensao_rural,2010,F,85,89,115452.67977565184
pensao_rural,2010,F,90,200,59319.7826549966
pensao_rural,2010,M,0,4,1545.0
pensao_rural,2010,M,5,9,5815.494304658279
pensao_rural,2010,M,10,14,10870.0
pensao_rural,2010,M,15,19,15698.97183185786
pensao_rural,2010,M,20,24,4151.57199285244
pensao_rural,2010,M,25,29,1435.1438848920864
pensao_rural,2010,M,30,34,3101.627027931092
pensao_rural,2010,M,35,39,5305.526819126819
pensao_rural,2010,M,40,44,8878.166141425587
pensao_rural,2010,M,45,49,12937.091953001798
pensao_rural,2010,M,50,54,17249.38095532731
pensao_rural,2010,M,55,59,22955.3826826898
pensao_rural,2010,M,60,64,30779.584394845664
pensao_rural,2010,M,65,69,37711.55753795513
pensao_rural,2010,M,70,74,47421.02482646654
pensao_rural,2010,M,75,79,47340.29682435439
pensao_rural,2010,M,80,84,42341.39250276531
pensao_rural,2010,M,85,89,24539.758782184454
pensao_rural,2010,M,90,200,11953.20652044698
pensao_rural,2011,F,0,4,1478.0
pensao_rural,2011,F,5,9,6018.0
pensao_rural,2011,F,10,14,11376.0
pensao_rural,2011,F,15,19,17200.512049721612
pensao_rural,2011,F,20,24,6181.7786692142045
pensao_rural,2011,F,25,29,7283.292456073281
pensao_rural,2011,F,30,34,14868.24657488626
pensao_rural,2011,F,35,39,26409.424965099017
pensao_rural,2011,F,40,44,45535.1059155147
pensao_rural,2011,F,45,49,77414.93760310597
pensao_rural,2011,F,50,54,110531.41233239869
pensao_rural,2011,F,55,59,148726.9625673839
pensao_rural,2011,F,60,64,187835.5889291754
pensao_rural,2011,F,65,69,221043.6434557203
pensao_rural,2011,F,70,74,248332.4574095885
pensao_rural,2011,F,75,79,247986.55893747817
pensao_rural,2011,F,80,84,208355.32089432396
pensao_rural,2011,F,85,89,125853.6472848855
pensao_rural,2011,F,90,200,62940.52655920354
pensao_rural,2011,M,0,4,1600.0
pensao_rural,2011,M,5,9,6064.0
pensao_rural,2011,M,10,14,11259.0
pensao_rural,2011,M,15,19,16390.487942840133
pensao_rural,2011,M,20,24,4144.217395520217
pensao_rural,2011,M,25,29,1406.6943770927144
pensao_rural,2011,M,30,34,3087.751393534002
pensao_rural,2011,M,35,39,5600.574669541576
pensao_rural,2011,M,40,44,8908.890824878694
pensao_rural,2011,M,45,49,13732.037532687278
pensao_rural,2011,M,50,54,17964.500998502248
pensao_rural,2011,M,55,59,24428.88445702969
pensao_rural,2011,M,60,64,32455.152109572075
pensao_rural,2011,M,65,69,40657.93087713109
pensao_rural,2011,M,70,74,48784.883000760325
pensao_rural,2011,M,75,79,51137.46829809033
pensao_rural,2011,M,80,84,45133.14842019169
pensao_rural,2011,M,85,89,28176.928466013815
pensao_rural,2011,M,90,200,13567.822043157606
pensao_rural,2012,F,0,4,1476.0
pensao_rural,2012,F,5,9,5976.0
pensao_rural,2012,F,10,14,11786.0
pensao_rural,2012,F,15,19,17704.510179825
pensao_rural,2012,F,20,24,6282.368204726522
pensao_rural,2012,F,25,29,7003.466351620723
pensao_rural,2012,F,30,34,15168.163524511934
pensao_rural,2012,F,35,39,26254.388754657775
pensao_rural,2012,F,40,44,44233.10003263103
pensao_rural,2012,F,45,49,75919.96619629141
pensao_rural,2012,F,50,54,108732.37090475153
pensao_rural,2012,F,55,59,149172.26696241548
pensao_rural,2012,F,60,64,189702.06635124335
pensao_rural,2012,F,65,69,221527.59301139342
pensao_rural,2012,F,70,74,253282.2035429193
pensao_rural,2012,F,75,79,248820.59989139863
pensao_rural,2012,F,80,84,216411.89841195813
pensao_rural,2012,F,85,89,134511.54408131068
pensao_rural,2012,F,90,200,70267.07275524401
pensao_rural,2012,M,0,4,1550.0
pensao_rural,2012,M,5,9,6143.0
pensao_rural,2012,M,10,14,11718.0
pensao_rural,2012,M,15,19,16997.48981297369
pensao_rural,2012,M,20,24,4246.629942965779
pensao_rural,2012,M,25,29,1348.5209034118213
pensao_rural,2012,M,30,34,3034.8342681183326
pensao_rural,2012,M,35,39,5723.610873033251
pensao_rural,2012,M,40,44,9027.898568691537
pensao_rural,2012,M,45,49,14144.018496698605
pensao_rural,2012,M,50,54,18736.57139600871
pensao_rural,2012,M,55,59,25490.625402381294
pensao_rural,2012,M,60,64,34163.7334802354
pensao_rural,2012,M,65,69,42598.08818324738
pensao_rural,2012,M,70,74,52184.30120058469
pensao_rural,2012,M,75,79,53157.6153447089
pensao_rural,2012,M,80,84,49250.98740289177
pensao_rural,2012,M,85,89,31418.677143725312
pensao_rural,2012,M,90,200,16314.49921642282
pensao_rural,2022,F,0,4,1562.0
pensao_rural,2022,F,5,9,6023.0
pensao_rural,2022,F,10,14,11774.0
pensao_rural,2022,F,15,19,19774.0
pensao_rural,2022,F,20,24,5265.0
pensao_rural,2022,F,25,29,2657.0
pensao_rural,2022,F,30,34,7840.825247978818
pensao_rural,2022,F,35,39,19089.7476358008
pensao_rural,2022,F,40,44,34175.23569649729
pensao_rural,2022,F,45,49,53125.40714698015
pensao_rural,2022,F,50,54,82193.80625484377
pensao_rural,2022,F,55,59,131067.54370492023
pensao_rural,2022,F,60,64,177262.61304285127
pensao_rural,2022,F,65,69,228879.18145363335
pensao_rural,2022,F,70,74,266171.0716078831
pensao_rural,2022,F,75,79,271394.02821853105
pensao_rural,2022,F,80,84,252981.30413442562
pensao_rural,2022,F,85,89,179617.2061601957
pensao_rural,2022,F,90,200,133813.38030593062
pensao_rural,2022,M,0,4,1600.0
pensao_rural,2022,M,5,9,6412.0
pensao_rural,2022,M,10,14,12253.0
pensao_rural,2022,M,15,19,20031.0
pensao_rural,2022,M,20,24,4942.0
pensao_rural,2022,M,25,29,673.0
pensao_rural,2022,M,30,34,1660.1747368421052
pensao_rural,2022,M,35,39,4158.252054558754
pensao_rural,2022,M,40,44,8071.764244963662
pensao_rural,2022,M,45,49,13083.592831465427
pensao_rural,2022,M,50,54,19751.19374362395
pensao_rural,2022,M,55,59,30531.45613481366
pensao_rural,2022,M,60,64,40434.386372824665
pensao_rural,2022,M,65,69,54275.817388355725
pensao_rural,2022,M,70,74,68711.9264589929
pensao_rural,2022,M,75,79,75456.96879514841
pensao_rural,2022,M,80,84,74972.68959206456
pensao_rural,2022,M,85,89,53922.78360408527
pensao_rural,2022,M,90,200,41626.554635279615
pensao_rural,2023,F,0,4,1646.0
pensao_rural,2023,F,5,9,6759.0
pensao_rural,2023,F,10,14,11946.0
pensao_rural,2023,F,15,19,20492.0
pensao_rural,2023,F,20,24,5397.0
pensao_rural,2023,F,25,29,2305.0
pensao_rural,2023,F,30,34,6661.0
pensao_rural,2023,F,35,39,18173.752683726172
pensao_rural,2023,F,40,44,33393.040005856376
pensao_rural,2023,F,45,49,52765.600135865265
pensao_rural,2023,F,50,54,79462.80206154355
pensao_rural,2023,F,55,59,127232.84084410673
pensao_rural,2023,F,60,64,175740.42915745397
pensao_rural,2023,F,65,69,229985.2157031406
pensao_rural,2023,F,70,74,265049.42764357885
pensao_rural,2023,F,75,79,276003.53992443555
pensao_rural,2023,F,80,84,254613.53897916066
pensao_rural,2023,F,85,89,186491.52667446694
pensao_rural,2023,F,90,200,134285.07038534986
pensao_rural,2023,M,0,4,1722.0
pensao_rural,2023,M,5,9,7179.0
pensao_rural,2023,M,10,14,12494.0
pensao_rural,2023,M,15,19,20850.0
pensao_rural,2023,M,20,24,4908.0
pensao_rural,2023,M,25,29,661.0
pensao_rural,2023,M,30,34,1438.0
pensao_rural,2023,M,35,39,3939.246991766941
pensao_rural,2023,M,40,44,7933.959900295242
pensao_rural,2023,M,45,49,13185.399854432972
pensao_rural,2023,M,50,54,19610.197936854005
pensao_rural,2023,M,55,59,30465.15912031048
pensao_rural,2023,M,60,64,41339.57043343653
pensao_rural,2023,M,65,69,55291.7836258335
pensao_rural,2023,M,70,74,69027.5708174037
pensao_rural,2023,M,75,79,78221.45769507701
pensao_rural,2023,M,80,84,76756.45723030856
pensao_rural,2023,M,85,89,57576.46720797452
pensao_rural,2023,M,90,200,42974.88212103069
pensao_rural,2024,F,0,4,1789.0
pensao_rural,2024,F,5,9,7127.0
pensao_rural,2024,F,10,14,12438.0
pensao_rural,2024,F,15,19,20828.0
pensao_rural,2024,F,20,24,5364.0
pensao_rural,2024,F,25,29,2075.0
pensao_rural,2024,F,30,34,5726.0
pensao_rural,2024,F,35,39,17057.099495581962
pensao_rural,2024,F,40,44,31870.84296056515
pensao_rural,2024,F,45,49,51617.39336519707
pensao_rural,2024,F,50,54,77307.79865737425
pensao_rural,2024,F,55,59,122068.20903222333
pensao_rural,2024,F,60,64,176435.48299530055
pensao_rural,2024,F,65,69,225686.37567544202
pensao_rural,2024,F,70,74,267138.60726040683
pensao_rural,2024,F,75,79,274366.3606820127
pensao_rural,2024,F,80,84,256329.6550617866
pensao_rural,2024,F,85,89,193147.68119949766
pensao_rural,2024,F,90,200,138499.22557921024
pensao_rural,2024,M,0,4,1836.0
pensao_rural,2024,M,5,9,7522.0
pensao_rural,2024,M,10,14,13093.0
pensao_rural,2024,M,15,19,21214.0
pensao_rural,2024,M,20,24,5096.0
pensao_rural,2024,M,25,29,663.0
pensao_rural,2024,M,30,34,1348.0
pensao_rural,2024,M,35,39,3745.9003269545146
pensao_rural,2024,M,40,44,7613.156897512538
pensao_rural,2024,M,45,49,13082.606612362242
pensao_rural,2024,M,50,54,19489.201340964504
pensao_rural,2024,M,55,59,30086.790951094637
pensao_rural,2024,M,60,64,42841.51677240159
pensao_rural,2024,M,65,69,54604.6236775531
pensao_rural,2024,M,70,74,70085.39151891902
pensao_rural,2024,M,75,79,79000.6374898813
pensao_rural,2024,M,80,84,78069.34231550359
pensao_rural,2024,M,85,89,60475.31410180562
pensao_rural,2024,M,90,200,45219.73479329341
pensao_urbana,2010,F,0,4,8654.0
pensao_urbana,2010,F,5,9,26249.0
pensao_urbana,2010,F,10,14,44108.0
pensao_urbana,2010,F,15,19,60849.0
pensao_urbana,2010,F,20,24,22106.0
pensao_urbana,2010,F,25,29,26382.0
pensao_urbana,2010,F,30,34,51771.0
pensao_urbana,2010,F,35,39,83215.0
pensao_urbana,2010,F,40,44,140466.0
pensao_urbana,2010,F,45,49,225054.0
pensao_urbana,2010,F,50,54,324361.0
pensao_urbana,2010,F,55,59,409070.0
pensao_urbana,2010,F,60,64,468552.0
pensao_urbana,2010,F,65,69,477389.9185219518
pensao_urbana,2010,F,70,74,502978.0
pensao_urbana,2010,F,75,79,455036.0
pensao_urbana,2010,F,80,84,370259.0
pensao_urbana,2010,F,85,89,194163.0
pensao_urbana,2010,F,90,200,92431.91590125622
pensao_urbana,2010,M,0,4,8886.0
pensao_urbana,2010,M,5,9,26387.0
pensao_urbana,2010,M,10,14,44163.0
pensao_urbana,2010,M,15,19,58169.0
pensao_urbana,2010,M,20,24,14385.0
pensao_urbana,2010,M,25,29,4138.0
pensao_urbana,2010,M,30,34,8044.0
pensao_urbana,2010,M,35,39,13433.0
pensao_urbana,2010,M,40,44,21492.0
pensao_urbana,2010,M,45,49,30634.0
pensao_urbana,2010,M,50,54,37564.0
pensao_urbana,2010,M,55,59,42478.0
pensao_urbana,2010,M,60,64,43544.0
pensao_urbana,2010,M,65,69,42347.08147790417
pensao_urbana,2010,M,70,74,44291.0
pensao_urbana,2010,M,75,79,40777.0
pensao_urbana,2010,M,80,84,33790.0
pensao_urbana,2010,M,85,89,18924.0
pensao_urbana,2010,M,90,200,8487.084097980538
pensao_urbana,2011,F,0,4,9386.0
pensao_urbana,2011,F,5,9,27678.0
pensao_urbana,2011,F,10,14,47229.0
pensao_urbana,2011,F,15,19,64048.0
pensao_urbana,2011,F,20,24,22374.0
pensao_urbana,2011,F,25,29,25987.0
pensao_urbana,2011,F,30,34,52927.0
pensao_urbana,2011,F,35,39,83794.0
pensao_urbana,2011,F,40,44,137580.0
pensao_urbana,2011,F,45,49,223776.0
pensao_urbana,2011,F,50,54,323058.0
pensao_urbana,2011,F,55,59,418432.0
pensao_urbana,2011,F,60,64,478286.0
pensao_urbana,2011,F,65,69,495306.91544468235
pensao_urbana,2011,F,70,74,498177.0
pensao_urbana,2011,F,75,79,471930.0
pensao_urbana,2011,F,80,84,379197.0
pensao_urbana,2011,F,85,89,211615.0
pensao_urbana,2011,F,90,200,98193.91209890602
pensao_urbana,2011,M,0,4,9559.0
pensao_urbana,2011,M,5,9,27779.0
pensao_urbana,2011,M,10,14,47166.0
pensao_urbana,2011,M,15,19,61993.0
pensao_urbana,2011,M,20,24,14456.0
pensao_urbana,2011,M,25,29,4188.0
pensao_urbana,2011,M,30,34,8349.0
pensao_urbana,2011,M,35,39,13650.0
pensao_urbana,2011,M,40,44,21665.0
pensao_urbana,2011,M,45,49,32111.0
pensao_urbana,2011,M,50,54,39393.0
pensao_urbana,2011,M,55,59,45587.0
pensao_urbana,2011,M,60,64,47245.0
pensao_urbana,2011,M,65,69,45749.08455517461
pensao_urbana,2011,M,70,74,45416.0
pensao_urbana,2011,M,75,79,43381.0
pensao_urbana,2011,M,80,84,35451.0
pensao_urbana,2011,M,85,89,20855.0
pensao_urbana,2011,M,90,200,9463.087900349261
pensao_urbana,2012,F,0,4,9978.0
pensao_urbana,2012,F,5,9,28900.0
pensao_urbana,2012,F,10,14,49293.0
pensao_urbana,2012,F,15,19,68547.0
pensao_urbana,2012,F,20,24,22276.0
pensao_urbana,2012,F,25,29,25354.0
pensao_urbana,2012,F,30,34,53643.0
pensao_urbana,2012,F,35,39,84352.0
pensao_urbana,2012,F,40,44,135874.0
pensao_urbana,2012,F,45,49,220186.0
pensao_urbana,2012,F,50,54,320749.0
pensao_urbana,2012,F,55,59,422904.0
pensao_urbana,2012,F,60,64,490031.0
pensao_urbana,2012,F,65,69,508181.0
pensao_urbana,2012,F,70,74,509888.0
pensao_urbana,2012,F,75,79,477671.0
pensao_urbana,2012,F,80,84,392844.0
pensao_urbana,2012,F,85,89,230034.0
pensao_urbana,2012,F,90,200,108207.90866041621
pensao_urbana,2012,M,0,4,10256.0
pensao_urbana,2012,M,5,9,29579.0
pensao_urbana,2012,M,10,14,49429.0
pensao_urbana,2012,M,15,19,65767.0
pensao_urbana,2012,M,20,24,15420.0
pensao_urbana,2012,M,25,29,4010.0
pensao_urbana,2012,M,30,34,8738.0
pensao_urbana,2012,M,35,39,13864.0
pensao_urbana,2012,M,40,44,22111.0
pensao_urbana,2012,M,45,49,33122.0
pensao_urbana,2012,M,50,54,41428.0
pensao_urbana,2012,M,55,59,48651.0
pensao_urbana,2012,M,60,64,50851.0
pensao_urbana,2012,M,65,69,49003.0
pensao_urbana,2012,M,70,74,48152.0
pensao_urbana,2012,M,75,79,44916.0
pensao_urbana,2012,M,80,84,37681.0
pensao_urbana,2012,M,85,89,22858.0
pensao_urbana,2012,M,90,200,10877.091338886836
pensao_urbana,2022,F,0,4,10022.0
pensao_urbana,2022,F,5,9,37938.0
pensao_urbana,2022,F,10,14,65306.0
pensao_urbana,2022,F,15,19,94777.0
pensao_urbana,2022,F,20,24,24663.0
pensao_urbana,2022,F,25,29,10865.0
pensao_urbana,2022,F,30,34,32413.0
pensao_urbana,2022,F,35,39,73746.0
pensao_urbana,2022,F,40,44,128368.0
pensao_urbana,2022,F,45,49,186690.0
pensao_urbana,2022,F,50,54,278144.0
pensao_urbana,2022,F,55,59,413865.0
pensao_urbana,2022,F,60,64,551306.0
pensao_urbana,2022,F,65,69,657755.0
pensao_urbana,2022,F,70,74,668678.0
pensao_urbana,2022,F,75,79,591270.0
pensao_urbana,2022,F,80,84,482727.0
pensao_urbana,2022,F,85,89,333542.0
pensao_urbana,2022,F,90,200,226020.0
pensao_urbana,2022,M,0,4,10543.0
pensao_urbana,2022,M,5,9,39181.0
pensao_urbana,2022,M,10,14,66892.0
pensao_urbana,2022,M,15,19,94832.0
pensao_urbana,2022,M,20,24,22772.0
pensao_urbana,2022,M,25,29,2920.0
pensao_urbana,2022,M,30,34,6635.0
pensao_urbana,2022,M,35,39,14858.0
pensao_urbana,2022,M,40,44,26296.0
pensao_urbana,2022,M,45,49,36450.0
pensao_urbana,2022,M,50,54,51693.0
pensao_urbana,2022,M,55,59,71796.0
pensao_urbana,2022,M,60,64,85908.0
pensao_urbana,2022,M,65,69,95320.0
pensao_urbana,2022,M,70,74,89147.0
pensao_urbana,2022,M,75,79,72342.0
pensao_urbana,2022,M,80,84,56473.0
pensao_urbana,2022,M,85,89,37759.0
pensao_urbana,2022,M,90,200,25573.0
pensao_urbana,2023,F,0,4,9965.0
pensao_urbana,2023,F,5,9,38136.0
pensao_urbana,2023,F,10,14,66949.0
pensao_urbana,2023,F,15,19,97387.0
pensao_urbana,2023,F,20,24,25056.0
pensao_urbana,2023,F,25,29,9462.0
pensao_urbana,2023,F,30,34,28226.0
pensao_urbana,2023,F,35,39,70312.0
pensao_urbana,2023,F,40,44,126167.0
pensao_urbana,2023,F,45,49,186765.0
pensao_urbana,2023,F,50,54,271034.0
pensao_urbana,2023,F,55,59,407143.0
pensao_urbana,2023,F,60,64,551337.0
pensao_urbana,2023,F,65,69,669291.0
pensao_urbana,2023,F,70,74,685833.0
pensao_urbana,2023,F,75,79,617051.0
pensao_urbana,2023,F,80,84,495399.0
pensao_urbana,2023,F,85,89,348295.0
pensao_urbana,2023,F,90,200,234218.0
pensao_urbana,2023,M,0,4,10478.0
pensao_urbana,2023,M,5,9,39428.0
pensao_urbana,2023,M,10,14,68271.0
pensao_urbana,2023,M,15,19,97648.0
pensao_urbana,2023,M,20,24,23593.0
pensao_urbana,2023,M,25,29,2893.0
pensao_urbana,2023,M,30,34,6165.0
pensao_urbana,2023,M,35,39,14500.0
pensao_urbana,2023,M,40,44,26521.0
pensao_urbana,2023,M,45,49,37559.0
pensao_urbana,2023,M,50,54,51548.0
pensao_urbana,2023,M,55,59,72546.0
pensao_urbana,2023,M,60,64,88984.0
pensao_urbana,2023,M,65,69,100153.0
pensao_urbana,2023,M,70,74,94895.0
pensao_urbana,2023,M,75,79,78132.0
pensao_urbana,2023,M,80,84,59278.0
pensao_urbana,2023,M,85,89,40393.0
pensao_urbana,2023,M,90,200,26849.0
pensao_urbana,2024,F,0,4,9625.0
pensao_urbana,2024,F,5,9,37436.0
pensao_urbana,2024,F,10,14,68430.0
pensao_urbana,2024,F,15,19,99341.0
pensao_urbana,2024,F,20,24,25567.0
pensao_urbana,2024,F,25,29,8124.0
pensao_urbana,2024,F,30,34,24778.0
pensao_urbana,2024,F,35,39,65947.0
pensao_urbana,2024,F,40,44,121212.0
pensao_urbana,2024,F,45,49,185993.0
pensao_urbana,2024,F,50,54,266475.0
pensao_urbana,2024,F,55,59,397739.0
pensao_urbana,2024,F,60,64,549091.0
pensao_urbana,2024,F,65,69,672753.0
pensao_urbana,2024,F,70,74,707529.0
pensao_urbana,2024,F,75,79,639000.0
pensao_urbana,2024,F,80,84,507449.0
pensao_urbana,2024,F,85,89,359708.0
pensao_urbana,2024,F,90,200,244491.0
pensao_urbana,2024,M,0,4,10061.0
pensao_urbana,2024,M,5,9,38823.0
pensao_urbana,2024,M,10,14,69658.0
pensao_urbana,2024,M,15,19,99743.0
pensao_urbana,2024,M,20,24,24329.0
pensao_urbana,2024,M,25,29,2924.0
pensao_urbana,2024,M,30,34,5909.0
pensao_urbana,2024,M,35,39,14033.0
pensao_urbana,2024,M,40,44,26382.0
pensao_urbana,2024,M,45,49,38304.0
pensao_urbana,2024,M,50,54,52099.0
pensao_urbana,2024,M,55,59,72515.0
pensao_urbana,2024,M,60,64,91344.0
pensao_urbana,2024,M,65,69,103584.0
pensao_urbana,2024,M,70,74,101524.0
pensao_urbana,2024,M,75,79,83699.0
pensao_urbana,2024,M,80,84,62358.0
pensao_urbana,2024,M,85,89,42249.0
pensao_urbana,2024,M,90,200,28270.0
