ano,faixa,informalidade,pop14mais_mil,ocupados_mil
2012,14 a 17 anos,,14078.75,2637.75
2012,18 a 24 anos,,23498.25,13998.75
2012,25 a 39 anos,,48574.75,36494.0
2012,40 a 59 anos,,45451.25,31209.0
2012,60 anos ou mais,,22232.0,4959.5
2012,Total,,153834.75,89299.5
2013,14 a 17 anos,,13848.25,2396.5
2013,18 a 24 anos,,23618.75,13877.25
2013,25 a 39 anos,,49050.5,37000.75
2013,40 a 59 anos,,46350.0,32178.5
2013,60 anos ou mais,,23076.75,5142.0
2013,Total,,155944.25,90595.5
2014,14 a 17 anos,,13800.5,2231.5
2014,18 a 24 anos,,23546.75,13712.75
2014,25 a 39 anos,,49425.75,37476.25
2014,40 a 59 anos,,47206.25,32959.5
2014,60 anos ou mais,,23950.0,5291.75
2014,Total,,157929.5,91671.75
2015,14 a 17 anos,77.6,13682.5,2073.0
2015,18 a 24 anos,38.5,23485.75,13107.75
2015,25 a 39 anos,32.8,49690.0,37256.5
2015,40 a 59 anos,39.1,48040.75,33495.25
2015,60 anos ou mais,56.0,24851.25,5546.75
2015,Total,38.3,159749.75,91479.0
2016,14 a 17 anos,78.25,13487.0,1630.75
2016,18 a 24 anos,40.8,23438.25,12176.25
2016,25 a 39 anos,33.125,49860.5,36577.25
2016,40 a 59 anos,39.15,48900.75,33436.75
2016,60 anos ou mais,54.95,25792.5,5657.75
2016,Total,38.625,161479.0,89478.5
2017,14 a 17 anos,80.825,13131.5,1484.75
2017,18 a 24 anos,43.175,23480.75,12026.0
2017,25 a 39 anos,34.175,49934.75,36349.25
2017,40 a 59 anos,40.175,49804.0,33760.0
2017,60 anos ou mais,56.475,26775.5,5951.5
2017,Total,39.9,163126.5,89571.25
2018,14 a 17 anos,79.325,12730.0,1456.5
2018,18 a 24 anos,44.275000000000006,23505.5,12011.0
2018,25 a 39 anos,34.825,49894.5,36541.5
2018,40 a 59 anos,40.45,50735.0,34605.75
2018,60 anos ou mais,57.35,27789.5,6300.5
2018,Total,40.5,164654.75,90915.5
2019,14 a 17 anos,79.875,12518.5,1430.25
2019,18 a 24 anos,44.575,23330.25,12227.75
2019,25 a 39 anos,35.3,49780.75,36754.25
2019,40 a 59 anos,40.45,51676.25,35682.0
2019,60 anos ou mais,57.075,28816.0,6650.25
2019,Total,40.775,166121.5,92744.0
2020,14 a 17 anos,80.9,12516.5,1086.75
2020,18 a 24 anos,43.625,22960.75,10515.0
2020,25 a 39 anos,33.375,49651.75,34030.75
2020,40 a 59 anos,37.925,52619.0,33864.25
2020,60 anos ou mais,52.150000000000006,29815.75,5941.75
2020,Total,38.35,167564.25,85439.0
2021,14 a 17 anos,82.35,12343.5,1228.0
2021,18 a 24 anos,45.675,22733.75,11384.0
2021,25 a 39 anos,35.574999999999996,49529.0,35237.5
2021,40 a 59 anos,39.125,53547.5,35594.0
2021,60 anos ou mais,53.975,30769.25,6180.0
2021,Total,40.2,168923.5,89623.25
2022,14 a 17 anos,79.125,12202.0,1547.75
2022,18 a 24 anos,43.95,22430.0,12694.5
2022,25 a 39 anos,34.699999999999996,49383.75,37115.0
2022,40 a 59 anos,38.55,54473.0,37800.25
2022,60 anos ou mais,55.225,31773.75,7073.5
2022,Total,39.65,170262.25,96230.0
2023,14 a 17 anos,76.875,12090.5,1388.25
2023,18 a 24 anos,41.925000000000004,22052.5,12673.0
2023,25 a 39 anos,34.625,49193.5,37110.25
2023,40 a 59 anos,38.150000000000006,55383.0,38784.25
2023,60 anos ou mais,54.975,32895.0,7548.0
2023,Total,39.125,171614.5,97504.0
2024,14 a 17 anos,74.225,11936.0,1442.75
2024,18 a 24 anos,41.25,21699.5,12883.75
2024,25 a 39 anos,34.625,48984.25,37493.75
2024,40 a 59 anos,37.5,56238.0,40320.5
2024,60 anos ou mais,53.925,34076.0,8124.75
2024,Total,38.75,172933.75,100265.75
2025,14 a 17 anos,72.45,11819.0,1369.75
2025,18 a 24 anos,39.9,21359.25,12866.75
2025,25 a 39 anos,33.975,48757.5,37673.0
2025,40 a 59 anos,36.225,57041.75,41442.75
2025,60 anos ou mais,53.375,35272.75,8712.25
2025,Total,37.8,174249.5,102064.5
